#Name;RAJ2000;DEJ2000;Counts;z;TX
# ;deg;deg;ct; ;keV
#------------;----------;----------;-------;------;------
J0000.2-2510;000.057917;-25.181139;  877.6;  0.08;  1.80
J0000.4-2512;000.124167;-25.203167;  651.6;  0.15;  0.81
J0001.0-2503;000.265833;-25.064889;  362.4;  0.91;
J0001.6-1540;000.422500;-15.675361; 1134.9;  0.12;  1.80
J0006.4+1959;001.609167;+19.995611;  117.7;  0.46;
J0011.2+0052;002.817083;+00.869806;  155.3;  0.36;  0.70
J0016.6-0102;004.162917;-01.036528;  402.7;  0.17;  1.70
J0017.6-0052;004.405833;-00.876500;12103.1;  0.21;  4.80
J0020.6-0204;005.165417;-02.077833;   65.4;  0.27;
J0023.2+0012;005.808750;+00.200417;  302.2;  0.27;
J0026.8+1719;006.708333;+17.325361;  354.7;  0.49;  3.30
J0029.5+3453;007.399167;+34.889639;  244.8;  0.73;  3.50
J0029.8+3505;007.474583;+35.085417;  110.8;  0.45;
J0034.1-4322;008.531667;-43.376917;   93.8;  0.40;  1.60
J0034.5-4319;008.625417;-43.318222; 1909.8;  0.40;  3.50
J0034.6-1207;008.664167;-12.121056;  410.8;  0.44;  6.50
J0035.8-4322;008.950833;-43.375667;  736.2;  0.63;  3.30
J0036.0+8513;009.020833;+85.223556;  664.9;  0.81;  3.90
J0036.4-4328;009.114583;-43.475250; 1036.5;  0.41;  4.60
J0041.3+2526;010.331250;+25.438583; 1409.9;  0.15; 14.70
J0042.5+0051;010.631667;+00.855528;  205.8;  0.15;  1.60
J0042.8+0043;010.719167;+00.717528;  290.9;  0.27;  2.70
J0043.5+0101;010.890417;+01.019333;  526.2;  0.20;  1.70
J0043.9+0007;010.997083;+00.118556;  308.5;  0.22;  5.30
J0044.1+0056;011.037917;+00.946694;   69.5;  0.79;
J0046.2+8531;011.563333;+85.521528; 1584.6;  0.62;  5.10
J0046.4+4204;011.602083;+42.074861;10443.1;  0.30;  6.90
J0047.8+8527;011.972917;+85.454306;  609.9;  0.31;  6.80
J0055.7+0038;013.940833;+00.644667;  216.5;  0.12;  1.00
J0056.0-3732;014.012500;-37.546667;13421.9;  0.16;  5.20
J0056.9-2214;014.230833;-22.235083;  476.2;  0.12;  1.80
J0056.9-2740;014.235833;-27.675528;  325.9;  0.56;  3.50
J0057.5+3013;014.375417;+30.222667;  252.6;  0.12;  2.90
J0104.3-0630;016.093333;-06.501250;  146.4;  0.95;
J0106.1+0050;016.535000;+00.842056;  416.2;  0.25;  2.60
J0106.9+3209;016.744583;+32.159444;  612.1;  0.11;  3.50
J0107.3+1416;016.834167;+14.267833; 3334.6;  0.07;  3.00
J0108.9+1325;017.244583;+13.432694;  903.0;  0.15;  3.20
J0110.3+3305;017.599167;+33.095583;  586.7;  0.60;  5.20
J0111.6-4539;017.917917;-45.652222;  913.8;  0.37;  2.50
J0116.4+3257;019.100833;+32.954722;  152.3;  0.45;  1.40
J0116.5+3303;019.133750;+33.056944;  423.2;  0.64;  5.60
J0119.3-0110;019.844167;-01.169917;  145.9;  0.15;  1.00
J0119.7-4410;019.926250;-44.172000;  531.3;  0.12;  1.00
J0119.8-4415;019.966250;-44.255000;  361.4;  0.12;  1.50
J0119.9+1416;019.977917;+14.281972;   93.3;  0.55;  4.50
J0124.0+0351;021.000000;+03.853000;   61.0;  0.88;  2.50
J0144.5+0212;026.126250;+02.210278;  340.8;  0.17;  3.40
J0144.8-0432;026.205000;-04.546139;  983.4;  0.17;  1.30
J0146.2-0440;026.564583;-04.675528;  132.4;  0.70;
J0152.6-1338;028.171250;-13.648861;  574.7;  0.83;  3.20
J0152.7-1357;028.175833;-13.963000; 5925.3;  0.83;  7.20
J0153.2+0102;028.312500;+01.037278; 2096.8;  0.06;  1.08
J0154.2-5937;028.563333;-59.632917;  151.5;  0.36;  2.00
J0156.8+3756;029.216667;+37.934389;  138.9;  0.52;
J0156.8+2843;029.222083;+28.727583;  251.6;  0.27;  3.20
J0157.3+3756;029.331250;+37.943944; 1406.4;  0.24;  3.80
J0157.7+2849;029.442917;+28.821694;   62.8;  0.40;
J0159.8+0016;029.966250;+00.282056;  115.4;  0.75;
J0200.3+0019;030.079583;+00.325500;   77.0;  0.66;  1.90
J0203.6-0747;030.923333;-07.784917;  741.8;  0.44;  7.20
J0210.2-0014;032.553750;-00.246000;  136.2;  0.28;
J0210.2-3932;032.556250;-39.546472; 1214.7;  0.17;  1.30
J0210.7-0022;032.689583;-00.367250;  127.2;  0.31;  6.00
J0214.6-0433;033.670417;-04.556083; 3011.8;  0.14;  4.50
J0215.3-0038;033.828333;-00.637000;  204.7;  0.28;
J0216.9-0449;034.247083;-04.822222;  216.9;  0.44;  2.30
J0217.5-0513;034.394583;-05.224139;  431.9;  0.65;  4.20
J0217.9-0526;034.480417;-05.448667;  203.4;  0.25;  0.60
J0218.5-0500;034.635000;-05.015028;  334.8;  0.88;  3.50
J0219.7-0453;034.932083;-04.887167;  225.3;  0.33;  2.10
J0220.3-0250;035.096667;-02.840389;  126.2;  0.23;  1.10
J0220.6-0301;035.161667;-03.029417;   80.5;  0.16;  2.60
J0220.7-0252;035.186667;-02.874417;   55.0;  0.57;
J0220.7-0325;035.187917;-03.431944;  575.9;  0.33;  2.60
J0221.7-0346;035.439167;-03.771500; 1624.0;  0.43;  5.80
J0222.0-0432;035.517917;-04.544333;  168.3;  0.32;  4.10
J0222.1-0303;035.526250;-03.053778;  336.4;  0.49;  3.90
J0222.8-0328;035.720000;-03.475333;   86.8;  1.00;  5.10
J0223.1-0412;035.782083;-04.216500;  295.7;  0.63;
J0223.7-0251;035.948333;-02.858194;  216.5;  0.17;  1.40
J0223.9-0305;035.984583;-03.099806;  121.1;  0.30;  2.10
J0223.9-0435;035.990000;-04.588583;  122.1;  0.49;  3.70
J0224.0-0505;036.007917;-05.091222;  346.8;  0.32;  2.00
J0224.0-0413;036.015833;-04.225944; 2617.4;  1.05;  3.60
J0224.1-0355;036.025000;-03.917250;  159.0;  0.56;
J0224.4-0450;036.113750;-04.841139;  110.1;  0.49;  5.40
J0224.5-0414;036.140833;-04.242472; 1872.4;  0.26;  1.40
J0224.9-0348;036.240833;-03.814194;  600.4;  0.61;  4.50
J0225.1-0401;036.290417;-04.027111;  154.3;  0.17;
J0226.3-0400;036.576250;-04.000028;   98.1;  0.20;
J0226.5-0404;036.644583;-04.068889;  239.9;  0.35;  5.30
J0227.1-0418;036.789583;-04.301389;  179.7;  1.05;  7.50
J0227.3-0321;036.842083;-03.362556;  330.3;  0.33;  2.50
J0227.4-0432;036.861250;-04.535861;  303.4;  0.31;  1.70
J0227.6-0318;036.910417;-03.300361;  204.5;  0.84;  3.60
J0228.2-1005;037.052083;-10.093972;  280.0;  0.15;  2.10
J0228.4-0425;037.113750;-04.428389;  497.2;  0.43;  3.30
J0233.7-0850;038.441667;-08.846806;  179.6;  0.25;  2.10
J0237.9-5224;039.499583;-52.409556; 3571.6;  0.14;  3.70
J0241.8-0005;040.460417;-00.097194;   66.3;  0.28;  1.60
J0243.1+3723;040.798333;+37.391611;   69.5;  0.52;  2.70
J0248.1+3115;042.040833;+31.254556;  145.9;  0.35;  4.30
J0248.5+3119;042.148333;+31.321389;  248.4;  0.37;
J0250.1-3104;042.526667;-31.066889;  622.2;  0.91;  5.60
J0301.7+0003;045.439583;+00.059944;   80.3;  0.69;
J0302.0-0000;045.521250;-00.001000;  373.3;  0.65;  5.60
J0302.1-0001;045.547500;-00.026194;  196.2;  1.19;  2.30
J0303.2+0012;045.822500;+00.210667;  109.5;  0.59;  1.40
J0303.5-0057;045.886667;-00.959861;   82.3;  0.64;  2.50
J0303.8-7752;045.951250;-77.878139;14659.0;  0.27;  8.70
J0306.2-0005;046.560000;-00.093278; 1173.8;  0.43;  2.30
J0306.2-0008;046.571667;-00.142944; 2236.0;  0.11;  1.80
J0306.5-0004;046.641667;-00.073250;  421.2;  0.11;  1.00
J0306.6-0018;046.655417;-00.304639;  113.5;  0.44;
J0306.7-0001;046.684167;-00.020194;  101.0;  0.11;
J0306.9+0008;046.749167;+00.140250;  156.0;  0.08;  2.30
J0325.8-0617;051.472083;-06.288861;   91.2;  0.32;  1.60
J0330.8-5228;052.707083;-52.476806;14934.9;  0.44;  4.50
J0333.8+0006;053.464583;+00.100111;  119.6;  0.49;
J0334.7+0017;053.688750;+00.285333;  103.3;  0.31;  1.90
J0335.9+0032;053.984167;+00.537417;  685.5;  0.43;  2.90
J0337.9+0029;054.487500;+00.484278;  278.7;  0.32;  2.30
J0338.1-2256;054.545000;-22.939944; 2675.4;  0.17;  1.50
J0354.2-0010;058.570833;-00.168500;  320.5;  0.21;  2.80
J0357.4+0118;059.360000;+01.301778; 1104.3;  0.13;  3.20
J0357.5+0059;059.382083;+00.994278;   94.3;  0.58;
J0357.7+0101;059.435833;+01.026917;  796.7;  0.36;  5.70
J0406.7-7116;061.693750;-71.274583; 2039.0;  0.23;  3.90
J0416.7-5525;064.190833;-55.419472;  158.2;  0.37;  2.20
J0417.0+0113;064.270000;+01.225250;  559.3;  0.32;  3.60
J0419.7+1439;064.935833;+14.651250;  230.5;  0.19;
J0433.6+0523;068.411667;+05.386111;  147.5;  0.12;  0.70
J0447.9-2037;071.999583;-20.622611;  137.3;  0.41;  1.00
J0455.1-5323;073.776250;-53.395500;  862.5;  0.41;  3.60
J0515.7-0010;078.937917;-00.176694;  250.0;  0.47;  3.90
J0515.8+7939;078.950833;+79.666389;  346.8;  0.61;  7.10
J0516.1+0109;079.041667;+01.165000;  144.3;  0.32;  4.70
J0521.1-2531;080.295417;-25.517639;  130.7;  0.58;  4.00
J0522.2-3625;080.564167;-36.420472; 1936.8;  0.47;  5.50
J0522.7-4817;080.697083;-48.292861;  159.6;  0.21;  1.40
J0544.2-2555;086.059167;-25.929861;  639.7;  0.26;  4.10
J0639.7+8218;099.941250;+82.313139; 1038.1;  0.41;  4.90
J0640.1+8229;100.045417;+82.483944;   87.2;  0.83;
J0720.3+7131;110.091667;+71.532194;  304.4;  0.27;  2.40
J0720.9+7109;110.226250;+71.150139;  915.0;  0.23;  2.90
J0735.4+4353;113.850417;+43.886528;  148.0;  0.13;
J0736.0+4339;114.024167;+43.652833; 1869.1;  0.43;  4.50
J0742.5+6517;115.636667;+65.284583;  142.1;  0.17;  3.20
J0746.0+3052;116.515000;+30.879028;  457.1;  0.22;  2.40
J0747.4+3101;116.855000;+31.029583;  149.1;  0.41;  1.00
J0750.8+5003;117.721250;+50.054639;  255.6;  0.42;  3.90
J0754.4+2209;118.615833;+22.164139;  284.2;  0.40;  4.70
J0757.4+3920;119.353333;+39.346583;  200.9;  0.10;  1.40
J0758.6+3519;119.662917;+35.327694;  569.9;  0.17;  1.60
J0806.2+1523;121.552500;+15.385833;   68.6;  0.41;  2.00
J0806.5+1532;121.640417;+15.535722;  191.5;  0.28;  1.40
J0807.2+1527;121.803333;+15.450417; 1137.5;  0.11;  1.70
J0819.3+7054;124.827500;+70.915972; 1324.2;  0.23;  3.00
J0821.5+0102;125.396250;+01.042222;  507.6;  0.13;  1.70
J0830.4+5241;127.607917;+52.691222; 3673.5;  0.99;  6.30
J0831.2+5234;127.812500;+52.581639;  356.2;  0.52;
J0831.7+5250;127.949167;+52.843500;  669.5;  0.45;  5.00
J0834.9+5534;128.728333;+55.572472; 4277.8;  0.24;  3.90
J0837.4+5532;129.351667;+55.547167;  135.6;  0.28;  5.20
J0838.9+2538;129.732917;+25.634417;   76.7;  0.91;
J0839.0+7049;129.750417;+70.833278;   99.1;  0.44;
J0840.7+3830;130.184167;+38.513972;  409.5;  0.15;  1.10
J0840.8+3838;130.218750;+38.645972;  358.7;  0.12;  1.60
J0841.4+0046;130.351667;+00.777139;  577.9;  0.41;  3.10
J0847.0+3451;131.755833;+34.853556;  470.8;  0.43;  2.60
J0847.1+3448;131.796667;+34.811778; 1494.1;  0.56;  5.60
J0848.5+4453;132.145000;+44.894972;   96.0;  1.27;  1.70
J0848.8+4456;132.200417;+44.935083;  884.4;  0.57;  4.20
J0857.6+0901;134.422083;+09.019167;   58.6;  0.15;  3.00
J0901.0+6006;135.256250;+60.101722; 1379.4;  0.29;  5.90
J0916.1+3027;139.037500;+30.455028;  294.7;  0.59;  5.70
J0918.3+2114;139.591250;+21.246111;  288.8;  1.01;  8.30
J0918.6+5150;139.653333;+51.844778;  112.2;  0.44;  2.90
J0920.3+3706;140.078750;+37.104917;28579.2;  0.21;  2.60
J0920.8+3028;140.218333;+30.468000; 1332.4;  0.29;  3.50
J0920.9+3034;140.246667;+30.571833;  145.1;  0.26;  0.40
J0921.1+3027;140.295833;+30.466167;  620.1;  0.43;  4.40
J0921.2+3701;140.310417;+37.025361;  320.9;  0.29;  0.60
J0923.4+2256;140.855833;+22.946028;  712.5;  0.19;  8.50
J0925.6+3627;141.416667;+36.453083; 3432.7;  0.11;  3.00
J0925.7+3054;141.435000;+30.908861;  115.9;  0.41;  1.30
J0925.7+3058;141.440417;+30.982472; 1014.6;  0.52;  5.80
J0926.6+3103;141.672500;+31.052444;  112.1;  0.67;
J0926.8+3101;141.711250;+31.024250;  420.7;  0.49;  3.50
J0926.9+3612;141.745833;+36.205306;  179.5;  0.49;
J0927.0+3100;141.763333;+31.010889;  135.2;  0.48;  3.70
J0932.0+4733;143.023333;+47.553917;  281.7;  0.22;  2.50
J0932.9+5515;143.246667;+55.262167;  287.6;  0.10;  0.60
J0933.8+5526;143.459167;+55.438917;  187.3;  0.49;  2.10
J0934.8+5510;143.705000;+55.173194;   73.1;  0.55;
J0937.1+6116;144.288750;+61.271167;  497.5;  0.21;  1.50
J0937.3+6114;144.342500;+61.237972;   83.1;  0.20;  3.90
J0939.7+3600;144.939583;+36.016056;  138.8;  0.36;
J0940.5+3559;145.144167;+35.997222;  289.1;  0.31;  1.40
J0943.1+4809;145.796667;+48.165583;  180.8;  0.28;  2.00
J0943.5+1639;145.884583;+16.665250;  858.4;  0.25;  3.40
J0943.9+1641;145.992500;+16.689083;  147.5;  0.25;  1.50
J0945.5+0946;146.377083;+09.775306;  167.6;  0.22;  1.80
J0951.0+3917;147.773750;+39.295250;   76.7;  0.47;
J0953.7+6947;148.431667;+69.793056; 2290.5;  0.21;  5.70
J0956.0+4107;149.014583;+41.118639;  296.9;  0.59;  4.30
J0956.1-0021;149.045417;-00.366056;  299.1;  0.54;  3.20
J0957.6+0234;149.404583;+02.573639; 3108.2;  0.37;  4.70
J0959.0+0247;149.755417;+02.794583;  295.5;  0.49;
J0959.0+0238;149.767500;+02.637306;   91.3;  0.08;
J0959.4+0146;149.852917;+01.771194;  732.0;  0.12;  1.30
J0959.5+0526;149.882500;+05.438000;  261.1;  0.25;  4.10
J0959.6+0231;149.920000;+02.519806; 1005.3;  0.72;  7.30
J0959.7+0255;149.945417;+02.922750;   51.2;  0.13;
J0959.8+0140;149.964167;+01.681139;  629.9;  0.37;  2.50
J0959.9+2516;149.990000;+25.274722; 1657.6;  0.10;  1.40
J1000.2+0212;150.051250;+02.212972;   83.2;  0.24;
J1000.3+0211;150.095000;+02.198944;   52.6;  0.93;  2.10
J1000.4+0241;150.121667;+02.693722;  543.2;  0.35;  6.80
J1000.7+0146;150.180000;+01.768806;  176.7;  0.35;
J1000.7+0139;150.197500;+01.657472; 2770.9;  0.22;  3.30
J1000.8+0228;150.221667;+02.475444;   59.3;  0.30;  3.40
J1000.9+6839;150.249583;+68.662472;  720.3;  0.47;  5.40
J1001.2+2506;150.314583;+25.103194;  330.0;  0.76;  2.20
J1001.2+0216;150.317500;+02.282194;   83.4;  0.12;  1.00
J1001.6+0225;150.423750;+02.427722; 2327.2;  0.12;  1.43
J1002.0+0213;150.507083;+02.225778;  908.8;  0.83;  6.00
J1010.6+5542;152.674167;+55.702361;  235.1;  0.20;  0.90
J1010.9+5557;152.734583;+55.953194;  248.4;  0.17;  1.10
J1015.1+4931;153.782500;+49.530972;  413.3;  0.38;  1.30
J1019.5+0803;154.880833;+08.062361;  441.6;  0.16;  2.70
J1021.5+2137;155.390417;+21.630222; 1166.0;  0.19;  1.90
J1021.6+1256;155.403750;+12.945333;  109.1;  0.33;  2.40
J1024.0+0402;156.001667;+04.039611;  261.3;  0.48;  2.00
J1025.6+4705;156.415417;+47.086833;  138.0;  0.19;  1.60
J1030.1+0519;157.529167;+05.330750;  627.2;  0.21;  1.60
J1030.6+6508;157.672083;+65.137000;  282.6;  0.20;  3.80
J1031.0+3051;157.750417;+30.859694; 1103.8;  0.14;  2.00
J1031.5+3113;157.881250;+31.221444;  314.1;  0.37;  5.80
J1039.5+3947;159.877917;+39.795472;  220.6;  0.09;  3.80
J1040.7+3957;160.185000;+39.952889;90125.7;  0.14;  3.54
J1044.3+2130;161.092500;+21.507000; 1753.4;  0.52;  3.30
J1045.7+0634;161.439167;+06.578139;  161.8;  0.21;
J1045.8+2133;161.464583;+21.564028;  121.4;  0.47;  1.70
J1050.6+5737;162.669167;+57.628167;  377.3;  0.69;  8.20
J1051.4+3551;162.869167;+35.856667;  101.9;  0.38;  0.80
J1052.4+4419;163.115000;+44.318083;  137.6;  0.46;  2.30
J1052.6+5730;163.152500;+57.515083;  255.4;  0.61;
J1053.3+5720;163.327083;+57.345472;  985.9;  0.34;  2.20
J1053.7+5735;163.441250;+57.587361; 1903.1;  1.13;  5.70
J1055.5-0459;163.897500;-04.989667;  321.2;  0.61;  3.30
J1056.9+0658;164.231667;+06.977833;  385.8;  0.30;  2.50
J1102.4-3454;165.603750;-34.906472;  330.5;  0.50;  3.10
J1103.0-3442;165.755833;-34.713278;  146.2;  0.14;
J1104.1+3544;166.027500;+35.742500;  178.1;  0.56; 10.70
J1104.4+3600;166.107917;+36.007306;  343.7;  0.50;  1.70
J1109.9+4827;167.475000;+48.451278; 1164.2;  0.51;  6.20
J1115.2+5319;168.815000;+53.330417; 1359.1;  0.47;  5.40
J1116.7+1800;169.189583;+18.013250;   98.0;  0.66;
J1117.1+4236;169.297917;+42.602917;  728.0;  0.44;
J1117.4+0743;169.358333;+07.724361; 1227.3;  0.48;  5.60
J1117.4+0746;169.373750;+07.775583;  898.8;  0.16;  1.80
J1117.4+1744;169.374167;+17.747611;  401.4;  0.55;  3.00
J1120.9+4318;170.228750;+43.305778;  204.6;  0.18;  1.30
J1122.9+4659;170.747083;+46.988000;  575.5;  0.44;  5.40
J1123.8+0529;170.955417;+05.499111;  330.7;  0.65;  4.10
J1128.5-0425;172.130833;-04.423528;  394.0;  0.08;  0.73
J1130.3-1436;172.584583;-14.608250; 3179.5;  0.11;  5.40
J1130.9+3113;172.730000;+31.226139;  211.0;  0.82;  3.20
J1138.7+0315;174.683750;+03.261250;  871.5;  0.13;  2.50
J1151.0+5511;177.763750;+55.190250;  128.5;  0.19;
J1151.1+5506;177.800000;+55.115417; 5196.6;  0.08;  1.66
J1151.3+5450;177.849167;+54.835750;  542.5;  0.14;
J1151.5+0148;177.881667;+01.804028;  256.2;  0.17;  2.90
J1158.4+4405;179.602500;+44.092750; 1033.4;  0.41;  4.00
J1158.8+4405;179.714167;+44.093667;  124.1;  0.29;
J1202.1+4427;180.542917;+44.452556;  241.6;  0.41;  3.30
J1203.2+4427;180.807083;+44.454944;  191.8;  0.35;  1.50
J1203.8+0147;180.970000;+01.785139;  404.9;  0.22;  0.80
J1205.5+4419;181.384583;+44.319528;  488.2;  0.34;  2.30
J1206.1+4419;181.528333;+44.323278;  228.0;  0.29;  3.20
J1207.7+2813;181.945417;+28.222222;  191.6;  0.43;  2.70
J1208.0+4339;182.004583;+43.657417;  303.2;  0.27;  2.10
J1209.4+3928;182.372500;+39.467667;  550.1;  0.22;  3.30
J1209.5+3922;182.392500;+39.375778;  545.4;  0.50;  3.40
J1211.9+5029;182.986250;+50.488556;  546.9;  0.10;  0.80
J1212.0+1317;183.022500;+13.294833;  304.5;  0.45;  2.50
J1213.5+0253;183.395000;+02.897167; 2005.1;  0.41;  5.50
J1216.8-1208;184.205417;-12.140500;  218.5;  0.48;  2.60
J1217.7+4729;184.435833;+47.489306;  188.1;  0.27;  9.80
J1217.9+4728;184.477083;+47.481611;  192.7;  0.27;  5.50
J1219.2+1423;184.807500;+14.391722;  138.4;  0.24;  1.40
J1224.7+0711;186.182500;+07.184306;  120.6;  0.54;  7.00
J1225.4+0042;186.367083;+00.708083;  614.3;  0.24;  2.30
J1226.7+3345;186.680417;+33.763861;  396.5;  0.63;
J1226.9+3343;186.735000;+33.724833; 6846.8;  0.50;  4.80
J1226.9+3332;186.742083;+33.547472;16800.5;  0.89; 11.10
J1229.7+1334;187.435833;+13.580722;  374.4;  0.44;  1.70
J1230.2+1339;187.571250;+13.651056;  367.1;  0.27;  3.40
J1230.3+1101;187.577917;+11.017361;  711.2;  0.13;  1.10
J1230.3+1616;187.581667;+16.276139; 2394.6;  0.20;  4.30
J1230.4+1111;187.601250;+11.191056;  982.0;  0.12;  0.80
J1230.8+4134;187.712083;+41.569667;  224.7;  0.54;  4.70
J1231.0+1556;187.772083;+15.940889; 1076.8;  0.19;  3.40
J1231.7+4137;187.935000;+41.625556;  558.9;  0.18;  2.70
J1233.6+3741;188.410417;+37.687472;  109.6;  0.10;  0.90
J1240.4-1148;190.102917;-11.801833;  859.3;  0.19;  2.00
J1241.0+3259;190.253333;+32.999972;  157.5;  0.27;  1.60
J1241.4-0158;190.367083;-01.972778;  229.6;  0.15;
J1242.0+3322;190.511667;+33.367694;  440.0;  0.13;  0.65
J1243.0+0233;190.771667;+02.553583; 1345.9;  0.19;  2.70
J1244.4+1647;191.107917;+16.799444;  322.0;  0.23;  1.30
J1244.9-0033;191.225417;-00.558417; 1268.5;  0.23;  2.10
J1250.7+2633;192.697500;+26.564833;  361.4;  0.30;  2.00
J1252.0-2920;193.015417;-29.345417; 1148.7;  0.19;  2.50
J1252.9-2927;193.227917;-29.453611; 1103.4;  1.24;  5.50
J1254.0+3101;193.512500;+31.030556;  367.7;  0.48;  3.40
J1256.3+2546;194.089583;+25.767750;  137.0;  0.17;  2.60
J1256.8+2548;194.209167;+25.800889;  236.7;  0.28;  1.40
J1257.8+2830;194.469583;+28.502944;  513.4;  0.25;  3.90
J1259.5+2830;194.888333;+28.510917; 1990.7;  0.52;  8.50
J1301.8+5857;195.458750;+58.964861;  132.8;  0.25;
J1304.9-1010;196.235417;-10.169250;   75.5;  0.64;
J1305.0-1016;196.273750;-10.278778;  114.7;  0.33;  2.00
J1305.2+1802;196.312917;+18.037639;  107.6;  0.53;
J1305.5+1756;196.394583;+17.949611; 1416.9;  0.50;  4.70
J1306.0+1801;196.505833;+18.029417;  174.9;  0.93;  4.00
J1306.8-2331;196.707917;-23.524583;  283.8;  0.21;  3.80
J1307.8+2925;196.956667;+29.430333; 7139.8;  0.24;  3.20
J1308.5+5342;197.135833;+53.703944; 2552.9;  0.33;  3.50
J1309.5+5739;197.390417;+57.657306;  526.3;  0.20;  7.90
J1310.4-0119;197.618333;-01.318583;  128.0;  0.14;  1.60
J1310.9+5720;197.743750;+57.345500;  392.9;  0.53;  4.10
J1313.0+3519;198.258333;+35.328639;  284.3;  0.30;  3.90
J1314.9-1638;198.729583;-16.643611;  544.5;  0.61;  3.30
J1318.7-0043;199.682500;-00.732417;  699.5;  0.11;  1.10
J1319.6-1454;199.904583;-14.912389;  421.0;  0.19;  1.10
J1319.8-1449;199.958750;-14.832639;  234.5;  0.34;  0.60
J1320.8+3355;200.224167;+33.922500;  550.0;  0.18;  2.80
J1324.3+3012;201.086250;+30.211194;  459.6;  0.69;  3.70
J1324.5+0534;201.141667;+05.574194;  745.4;  0.23;  4.00
J1324.9+3007;201.242500;+30.123111;  332.0;  0.59;  2.90
J1325.0-3813;201.256250;-38.223222; 2468.5;  0.30;  2.90
J1328.5+4703;202.125833;+47.065889;  177.9;  0.38;  4.10
J1329.9+2411;202.495417;+24.190167;  126.4;  0.17;  2.30
J1331.1-0158;202.779583;-01.977056;  161.7;  0.20;  2.30
J1332.9+5031;203.228333;+50.531417; 2596.4;  0.28;  7.70
J1334.6+5043;203.664583;+50.724194;  279.8;  0.24;
J1334.9+3750;203.740417;+37.838972;  689.5;  0.38;
J1335.0+5023;203.772083;+50.393417;  688.3;  0.09;  1.30
J1335.1-2329;203.797917;-23.488111;  669.1;  0.10;  1.90
J1335.2+3749;203.808750;+37.818278;  293.5;  0.60;  3.90
J1335.9+3754;203.996250;+37.900222;  101.3;  0.25;  4.70
J1336.0+5145;204.020833;+51.758667; 1005.5;  0.53;  1.70
J1339.1+4811;204.788333;+48.197972;  172.2;  0.41;  1.70
J1341.4-0102;205.351250;-01.034444;  229.1;  0.29;  2.30
J1341.6+0017;205.413750;+00.292750;  214.3;  0.44;  4.90
J1343.0-0000;205.771250;-00.015778; 1338.4;  0.55;  4.20
J1343.4+5546;205.862083;+55.780083;  209.3;  0.07;  1.80
J1346.7+2646;206.691250;+26.773806;  258.7;  0.43;
J1348.4+5800;207.106667;+58.004389;  637.2;  0.13;  1.60
J1348.8+6009;207.215833;+60.161806;  188.0;  0.44;  2.00
J1349.8+2706;207.457083;+27.101472;  144.8;  0.42;  1.80
J1353.9+3350;208.495000;+33.834194;  553.3;  0.47;  2.40
J1354.8+6917;208.705417;+69.294056;  549.4;  0.21;  2.70
J1355.6+1825;208.924583;+18.429278;  235.9;  0.28;  2.10
J1355.7+1822;208.941667;+18.380778;  218.9;  0.29;  2.20
J1406.2+2830;211.565833;+28.513639;  325.1;  0.55;  5.60
J1406.7+2833;211.691667;+28.552306;  171.5;  0.52;  2.30
J1409.5+2629;212.396667;+26.494972;  227.5;  0.12;  1.30
J1413.2-0318;213.305000;-03.301056;  184.4;  0.29;  1.40
J1414.9+4403;213.743333;+44.054861;  159.0;  0.43;  1.40
J1415.5+2823;213.895000;+28.393111;  619.6;  0.22;  3.90
J1415.9+2307;213.993333;+23.121944;  263.2;  0.42;  2.90
J1416.9+2312;214.239583;+23.210889;  116.7;  0.10;  0.90
J1417.5+2511;214.380000;+25.194194;  179.5;  0.18;  1.80
J1418.5+2511;214.634583;+25.184694; 5203.1;  0.29;  6.40
J1419.6+0647;214.900833;+06.793556;14446.4;  0.11;  2.70
J1420.4+0632;215.100000;+06.544861;  262.8;  0.11;  1.30
J1420.7+0631;215.185833;+06.516944;  300.6;  0.14;  1.00
J1423.0+3828;215.772500;+38.468611;  196.6;  0.43;  6.40
J1425.8+3802;216.465833;+38.046194;  624.8;  0.45;  3.70
J1429.1+4241;217.285000;+42.691361; 1887.4;  0.92;  5.40
J1431.0+4214;217.758750;+42.242028;  614.9;  0.43;  4.30
J1434.5+0337;218.634583;+03.629000;  140.8;  0.29;  1.30
J1436.0+6325;219.013333;+63.427222; 1030.5;  0.13;  1.30
J1437.2+3415;219.310000;+34.254944;  375.6;  0.51;  8.40
J1437.4+3414;219.352500;+34.241083;  133.3;  0.44;  2.20
J1437.7+3408;219.430000;+34.135500;  175.5;  0.49;  4.20
J1440.2+0341;220.067500;+03.690111;  957.3;  0.29;  4.70
J1448.1-0025;222.046667;-00.419222;   67.1;  0.15;
J1450.1+0904;222.538750;+09.074667;  694.0;  0.60;  4.10
J1455.0+1841;223.773333;+18.696778;  144.5;  0.21;
J1502.2+4228;225.563333;+42.471028;  150.2;  0.24;
J1506.8+0144;226.720417;+01.740222;  165.3;  0.65;  1.80
J1507.0+0106;226.756667;+01.114028;  132.0;  0.20;  0.50
J1508.4-0015;227.103333;-00.258806;  443.9;  0.09;  3.10
J1509.3-0014;227.326250;-00.242417;   52.4;  0.25;  0.90
J1510.8+6706;227.710000;+67.109167;  344.6;  0.34;  4.10
J1515.7+0015;228.946250;+00.258139;   78.1;  0.36;
J1516.3+0005;229.077500;+00.092028;58930.1;  0.12;  5.40
J1531.8+0443;232.950833;+04.720667;  160.2;  0.39;  1.50
J1534.9+2328;233.729583;+23.479000; 1990.6;  0.09;  1.30
J1536.4+5439;234.123750;+54.655778;  220.4;  0.41;  4.60
J1536.7-1410;234.182917;-14.173389; 1201.3;  0.40;  8.30
J1536.8+5437;234.200833;+54.621861;  150.7;  0.38;  3.30
J1542.5+5359;235.637917;+53.988861;  338.0;  0.64;  5.30
J1549.5+2133;237.384167;+21.550694;  468.9;  0.58;  3.60
J1601.4+0838;240.374167;+08.648972;  660.9;  0.19;  1.70
J1610.6+5406;242.667500;+54.103667;  168.7;  0.34;  1.70
J1611.5+5416;242.886250;+54.274528;  644.1;  0.34;  4.60
J1615.9+1219;243.975417;+12.324694;  612.1;  0.34;  3.40
J1630.2+2434;247.565000;+24.573111; 1072.2;  0.06;  3.50
J1632.1+3400;248.042917;+34.006194;  115.2;  0.19;  0.80
J1633.6+5714;248.420833;+57.238917;  134.1;  0.24;  1.40
J1700.6+6412;255.174583;+64.216083;  597.8;  0.24;  2.50
J1712.7+4353;258.192083;+43.892861;  140.1;  0.59;  2.40
J1714.6+6233;258.657917;+62.556167;  257.7;  0.18;  1.40
J1723.5+3411;260.899583;+34.198472;   50.5;  0.41;  2.10
J1908.3+6903;287.085417;+69.055556;  488.5;  0.21;  4.90
J2007.0-4437;301.762917;-44.632667;  467.2;  0.20;  2.30
J2007.9-1102;301.995833;-11.049028;  312.2;  0.11;  2.10
J2015.6-2426;303.900417;-24.437944;  157.6;  0.57;  0.90
J2041.5-3509;310.394583;-35.150333; 2811.1;  0.43;  4.40
J2054.0-1547;313.524583;-15.793472;  261.2;  0.27;  2.50
J2108.8-0516;317.204583;-05.277361;  519.6;  0.32;  2.80
J2127.8-4501;321.952917;-45.031083;  644.2;  0.56;  3.60
J2128.0-4449;322.009167;-44.832667;   89.8;  0.39;
J2128.1-4454;322.031667;-44.904806;  185.1;  0.54;  1.20
J2128.9-1534;322.245000;-15.575167;  298.7;  0.65;  2.40
J2130.4-0000;322.612083;-00.008889; 2569.4;  0.14;  2.50
J2134.0-4240;323.501667;-42.671389;  365.8;  0.20;  2.10
J2152.3-2730;328.090000;-27.504333;  265.1;  0.83;  2.40
J2157.5-6952;329.396667;-69.882250;  220.6;  0.49;  2.90
J2205.8-0159;331.458333;-01.991778;  135.9;  1.12;  2.80
J2206.0-0011;331.520833;-00.187056;  138.6;  0.34;  3.40
J2206.3-0025;331.591250;-00.427778;  297.2;  0.31;  0.50
J2215.9-1738;333.998333;-17.637833;  406.2;  1.46;  4.30
J2216.9-1725;334.235833;-17.424222;54999.6;  0.14;  3.20
J2228.3-0534;337.075833;-05.567611;  240.4;  0.45;  3.70
J2235.3-2557;338.835000;-25.961694; 1285.9;  1.39;  9.00
J2238.8-2026;339.717917;-20.436722;  306.0;  0.35;  1.80
J2239.4-0547;339.851667;-05.788306; 2241.1;  0.24;  2.80
J2239.5-0600;339.891667;-06.004861;  486.8;  0.17;  1.40
J2239.6-0543;339.913750;-05.724278; 2496.7;  0.24;  2.80
J2241.2+0328;340.306250;+03.475694;  154.2;  0.19;  1.40
J2302.7+0843;345.698750;+08.732194;  323.9;  0.72;  6.20
J2318.0-4235;349.522500;-42.595056; 2166.9;  0.21;  1.80
J2318.8-4231;349.717917;-42.529889; 1707.4;  0.11;  0.86
J2321.4+1945;350.352500;+19.754111; 4232.6;  0.40;  3.70
J2321.8+1953;350.469167;+19.893028;  436.4;  0.30;  4.10
J2321.9+1938;350.483333;+19.635500;   87.1;  0.42;  2.50
J2322.3+1938;350.588750;+19.648611;  472.2;  0.23;  1.70
J2325.6-5443;351.400833;-54.731806;  566.0;  0.10;  1.80
J2329.4+0526;352.357917;+05.440028;  294.8;  0.37;  2.60
J2332.4+1958;353.114583;+19.972806;  359.4;  0.27;  3.20
J2335.6+0217;353.904167;+02.293917;  267.9;  0.39;  5.80
J2337.9+2711;354.487500;+27.189167; 1731.6;  0.12;  3.40
J2339.5-1214;354.897500;-12.238639;  846.4;  0.53;  3.00
J2339.8-1213;354.957500;-12.218417;  368.6;  0.49;  1.80
J2357.1-2414;359.285833;-24.247000;  248.3;  0.59;  7.40
J2357.5-2429;359.375833;-24.485806;   96.3;  0.67;

